dataset,subject,n_trials,n_channels,mu_hemi_asym_left,mu_hemi_asym_right,mu_hemi_asym_diff,mu_hemi_asym_absdiff,mu_contra_desync_index,mu_sensorimotor_logpower,mu_sensorimotor_vs_all,mu_left_right_balance_abs,mu_class_sensorimotor_absdiff,beta_hemi_asym_left,beta_hemi_asym_right,beta_hemi_asym_diff,beta_hemi_asym_absdiff,beta_contra_desync_index,beta_sensorimotor_logpower,beta_sensorimotor_vs_all,beta_left_right_balance_abs,beta_class_sensorimotor_absdiff,mu_beta_hemi_asym_left,mu_beta_hemi_asym_right,mu_beta_hemi_asym_diff,mu_beta_hemi_asym_absdiff,mu_beta_contra_desync_index,mu_beta_sensorimotor_logpower,mu_beta_sensorimotor_vs_all,mu_beta_left_right_balance_abs,mu_beta_class_sensorimotor_absdiff
cho2017,1,200,64,0.728748377401189,0.512675086033576,0.216073291367613,0.216073291367613,-0.10803664568380661,-17.930186599040926,-0.1287607279726266,0.6207117317173825,0.25628718382512616,0.8530107904144745,0.7066879368957667,0.14632285351870777,0.14632285351870777,-0.07316142675935382,-19.01777013356593,-0.24244081464302092,0.7798493636551206,0.19300999962214505,0.7541167424629193,0.5746147987376077,0.17950194372531159,0.17950194372531159,-0.08975097186265572,-17.583900374759093,-0.17707066671775365,0.6643657706002635,0.22107793151638333
cho2017,2,200,64,-0.008449335771434257,0.018057690122610028,-0.026507025894044287,0.026507025894044287,0.013253512947022142,-19.748676126657628,-0.10052087826098381,0.004804177175587885,0.011778175820015946,0.07645852727718175,0.10915597046078286,-0.03269744318360111,0.03269744318360111,0.016348721591800553,-19.046657785788238,-0.08540783369354495,0.09280724886898231,0.018002076959461988,0.008186870184877116,0.046703656956541446,-0.03851678677166433,0.03851678677166433,0.019258393385832163,-18.54371031904787,-0.08779582283374149,0.02744526357070928,0.01242888908890194
cho2017,3,200,64,0.23242182009602946,0.33058131501113164,-0.09815949491510217,0.09815949491510217,0.04907974745755116,-19.17054274247944,-0.14895469376819293,0.28150156755358063,0.21482365134747994,0.2664164905990169,0.5157566913727196,-0.24934020077370272,0.24934020077370272,0.12467010038685128,-19.028299552678458,-0.1264734607675714,0.3910865909858683,0.06285030092782051,0.2615770525617651,0.4459203023900734,-0.1843432498283083,0.1843432498283083,0.09217162491415415,-18.275079495530328,-0.12889447486405034,0.35374867747591926,0.13736654965133255
cho2017,4,200,64,0.30764027141293393,0.38110395715788087,-0.07346368574494694,0.07346368574494694,0.03673184287247345,-18.56604842734048,-0.016675223711908504,0.3443721142854074,0.1586156350054253,0.34309673467119806,0.41801151935693176,-0.0749147846857337,0.0749147846857337,0.037457392342866845,-18.58724018233249,-0.08428107666932952,0.38055412701406494,0.0035875810454939483,0.3126170792923114,0.4045039688563976,-0.0918868895640862,0.0918868895640862,0.04594344478204306,-17.767968537800492,-0.04834926208109202,0.3585605240743545,0.10216406090021479
cho2017,5,200,64,0.5164141197515953,0.4611240883341081,0.05529003141748723,0.05529003141748723,-0.027645015708743587,-19.31082102920086,-0.0052737010143540704,0.4887691040428518,0.3794551004416675,0.5016387992901015,0.5904131738743302,-0.08877437458422877,0.08877437458422877,0.044387187292114445,-19.588617736153633,0.050635626661204504,0.5460259865822159,0.08682407704613482,0.5163866142310704,0.5099897009005214,0.006396913330548926,0.006396913330548926,-0.003198456665274385,-18.654160795743863,0.009681219965163627,0.5131881575657958,0.2571389833768265
cho2017,6,200,64,0.5805011008254025,0.5305151464243946,0.04998595440100795,0.04998595440100795,-0.02499297720050393,-20.64804818655132,-0.08508725750359725,0.5555081236248985,0.018688326234855168,0.4737752063131112,0.560570978644558,-0.08679577233144675,0.08679577233144675,0.04339788616572335,-19.943073195819252,-0.034055593535922614,0.5171730924788346,0.017350205525318074,0.5055093706668683,0.5556237452603893,-0.05011437459352097,0.05011437459352097,0.02505718729676051,-19.46185747300658,-0.054521215202056245,0.5305665579636287,0.014942865620074741
cho2017,7,240,64,0.18317497591226042,0.1787069481695964,0.004468027742664027,0.004468027742664027,-0.0022340138713320043,-20.18348733833712,-0.10651699088940517,0.1809409620409284,0.04332158193045643,0.30036456884892393,0.20294801617430364,0.0974165526746203,0.0974165526746203,-0.04870827633731016,-19.717290450820503,-0.0897963754159512,0.2516562925116138,0.023849816169033033,0.24446619007726778,0.19200796153954128,0.0524582285377265,0.0524582285377265,-0.026229114268863245,-19.138334037282903,-0.10114722708574679,0.21823707580840454,0.031970613986676
cho2017,8,200,64,0.2979770765797951,0.3265820298495766,-0.02860495326978152,0.02860495326978152,0.014302476634890766,-19.2055915100622,-0.07082571248570807,0.31227955321468587,0.0511390499185751,0.3148370963314088,0.2524578300460048,0.06237926628540397,0.06237926628540397,-0.031189633142701984,-19.15547676470387,-0.23139426957685655,0.2836474631887068,0.015084595733902972,0.29934816612359755,0.29519933950146393,0.004148826622133617,0.004148826622133617,-0.0020744133110668275,-18.391494075709712,-0.16830434878877906,0.29727375281253077,0.03923866061444414
cho2017,9,240,64,0.4002549460656105,0.567481399021956,-0.16722645295634553,0.16722645295634553,0.08361322647817276,-19.94158498930351,-0.10449869275302598,0.4838681725437833,0.005042216774000963,0.31992193912157324,0.36948819157585444,-0.0495662524542812,0.0495662524542812,0.024783126227140607,-19.55576816760326,-0.309281021687527,0.34470506534871387,0.03897892139027448,0.358637756471134,0.4481836905177211,-0.08954593404658712,0.08954593404658712,0.04477296702329354,-18.956804067923272,-0.2344721718532969,0.4034107234944276,0.01715288093833678
cho2017,10,200,64,0.2543486721146023,0.37729452530620194,-0.12294585319159962,0.12294585319159962,0.061472926595799816,-18.202554539516242,0.14458299212212997,0.31582159871040216,0.08853081460235401,0.2742936995750374,0.3613165365952114,-0.087022837020174,0.087022837020174,0.043511418510087004,-18.88261138796956,0.01724540591115046,0.31780511808512446,0.15385442018637363,0.26251988567735585,0.37087277547585307,-0.10835288979849722,0.10835288979849722,0.05417644489924861,-17.690279168600963,0.09222988593468891,0.31669633057660446,0.1277016896714116
cho2017,11,200,64,-0.12445613103786095,-0.24266877515806606,0.11821264412020512,0.11821264412020512,-0.05910632206010256,-18.359996084191167,0.043930569611022874,0.18356245309796348,0.19068919421232877,0.16057928331112747,0.20834240730309858,-0.04776312399197111,0.04776312399197111,0.02388156199598555,-19.075003465880105,-0.17341680799437684,0.18446084530711304,0.03730360235861241,-0.016508017395974867,-0.04822637362995166,0.0317183562339768,0.0317183562339768,-0.0158591781169884,-17.843117658192263,-0.04724292553077355,0.03236719551296327,0.11749891188696537
cho2017,12,200,64,0.1254872764456317,0.1441106241707263,-0.01862334772509458,0.01862334772509458,0.009311673862547299,-17.35915289303118,0.08635064489287085,0.134798950308179,0.2312144505032876,0.24889001071052338,0.2967136562487417,-0.0478236455382183,0.0478236455382183,0.023911822769109144,-18.15550699573919,-0.07299787952800106,0.2728018334796325,0.06990849270620814,0.1758598602399594,0.19376668813383685,-0.01790682789387746,0.01790682789387746,0.008953413946938724,-16.881323249338255,0.019317623313240394,0.1848132741868981,0.1991495758537205
cho2017,13,200,64,-0.08546957227906163,-0.09185577897107124,0.006386206692009608,0.006386206692009608,-0.0031931033460048043,-19.189061050243044,0.13100456334205457,0.08866267562506643,0.06087712411235202,0.07457585493919038,0.05589183546583193,0.018684019473358446,0.018684019473358446,-0.00934200973667922,-18.934170557138987,0.09235237726809974,0.06523384520251115,0.03674982454105802,0.0010780155587037398,0.0032202881014865526,-0.002142272542782813,0.002142272542782813,0.0010711362713914064,-18.255095127156668,0.10542304715953656,0.002149151830095146,0.010897043336626666
cho2017,14,200,64,-0.5223073799718171,0.9491848934706717,-1.4714922734424887,1.4714922734424887,0.7357461367212443,-18.594675336519746,0.3726605599756464,0.2134387567494273,0.12377941592387387,0.23965986527120095,0.27274230804325483,-0.03308244277205388,0.03308244277205388,0.01654122138602695,-18.19387296089174,0.04498192842080391,0.2562010866572279,0.11774420790453277,-0.060184511482464946,0.5781927908913407,-0.6383773023738056,0.6383773023738056,0.31918865118690276,-17.57868274362737,0.17494875936416177,0.25900413970443786,0.020372049100956247
cho2017,15,200,64,-0.10574778213489411,0.16814907734482976,-0.27389685947972386,0.27389685947972386,0.13694842973986193,-19.407680982973666,-0.1336467887179553,0.03120064760496782,0.028066296959174508,0.10248295434536363,0.12760254855990147,-0.02511959421453784,0.02511959421453784,0.012559797107268924,-19.09480837347338,-0.2526324704089294,0.11504275145263256,0.037508729114914985,0.0009946033287567603,0.13219208873746624,-0.13119748540870949,0.13119748540870949,0.06559874270435474,-18.426615805274622,-0.20067635884561866,0.0665933460331115,0.010519667840426905
cho2017,16,200,64,0.17267840653424593,0.15278261047855268,0.01989579605569325,0.01989579605569325,-0.009947898027846626,-18.659197444248306,-0.07595209319636345,0.1627305085063993,0.24448459253676447,0.05729580982725469,0.06434873383789,-0.007052924010635307,0.007052924010635307,0.0035264620053176545,-18.786988611247033,-0.05842898410117623,0.06082227183257235,0.012795019960478271,0.11873584402738553,0.10793628978276291,0.010799554244622617,0.010799554244622617,-0.005399777122311305,-17.936788783378926,-0.06939606209605022,0.11333606690507424,0.16076285763477927
cho2017,17,200,64,0.11298707882035132,0.029640287964516503,0.08334679085583482,0.08334679085583482,-0.041673395427917405,-19.739061984234226,-0.28608343242208933,0.07131368339243391,0.09048529459873578,0.22412891925042275,0.21183446398406713,0.012294455266355614,0.012294455266355614,-0.0061472276331778096,-19.060215610753293,-0.1932804775239407,0.21798169161724495,0.07702313592551491,0.1855268855077779,0.15298730402162486,0.032539581486153046,0.032539581486153046,-0.01626979074307652,-18.571456456794177,-0.23434458060092084,0.16925709476470138,0.07818562095503268
cho2017,18,200,64,0.43856670684103827,0.43893521653093004,-0.0003685096898917717,0.0003685096898917717,0.00018425484494585475,-19.34823675472666,-0.05624415945042914,0.4387509616859841,0.1244054723156367,0.4732139197902825,0.490141469331224,-0.0169275495409415,0.0169275495409415,0.008463774770470707,-19.668435497548714,-0.0842703302098813,0.4816776945607532,0.048515272605961,0.4299761631312684,0.413304980782688,0.016671182348580393,0.016671182348580393,-0.008335591174290152,-18.68846748723305,-0.07509407739337974,0.42164057195697824,0.07486462113305592
cho2017,19,200,64,0.11080255271207826,0.32727473918271427,-0.216472186470636,0.216472186470636,0.10823609323531797,-19.91896368060434,-0.06752828153629206,0.21903864594739622,0.015478360806252311,0.11735433197957847,0.28408096559271767,-0.16672663361313922,0.16672663361313922,0.0833633168065696,-18.899441363175406,-0.12607191870462084,0.20071764878614806,0.002683532463578331,0.10070168841204807,0.29046076961382455,-0.18975908120177648,0.18975908120177648,0.09487954060088825,-18.525648813965585,-0.12892579524105133,0.19558122901293631,0.0015328745493761176
cho2017,20,200,64,0.017324463029143578,0.08592371662361786,-0.06859925359447429,0.06859925359447429,0.034299626797237144,-18.094148368816853,0.04129813628610905,0.051624089826380726,0.3482143609392985,0.2283324233358639,0.26318292677844035,-0.03485050344257645,0.03485050344257645,0.01742525172128822,-19.015059620010632,-0.07261461045102352,0.24575767505715213,0.014200783554439766,0.07440244862824433,0.1409595896223946,-0.06655714099415028,0.06655714099415028,0.03327857049707514,-17.646714596123765,0.006677122067950894,0.10768101912531947,0.2587987226851567
cho2017,21,200,64,0.2649293318062659,0.39058662798139193,-0.12565729617512605,0.12565729617512605,0.06282864808756304,-17.778692291592698,-0.007636816087506188,0.32775797989382893,0.3347531121837122,0.09831737631749422,0.22384149687769778,-0.12552412056020357,0.12552412056020357,0.06276206028010177,-19.247474924211907,-0.054455230432652116,0.161079436597596,0.11471709237683214,0.2266076105059176,0.3397015604251099,-0.1130939499191923,0.1130939499191923,0.05654697495959624,-17.4835230761201,-0.025709547602952486,0.2831545854655138,0.2950673863055471
cho2017,22,200,64,0.03953396491291542,0.203726836570062,-0.16419287165714658,0.16419287165714658,0.08209643582857329,-18.82677296893807,-0.019386248601492788,0.1216304007414887,0.27678663568872963,0.1787509691182949,0.1537932379526725,0.024957731165622415,0.024957731165622415,-0.012478865582811203,-18.97383447513261,-0.11129750079474844,0.16627210353548372,0.07865763861819275,0.09406443966184348,0.18491623938840668,-0.0908517997265632,0.0908517997265632,0.0454258998632816,-18.076259914107087,-0.0630235190310794,0.13949033952512507,0.20197198964734753
cho2017,23,200,64,0.09297369033397535,0.15528510409761548,-0.06231141376364013,0.06231141376364013,0.031155706881820063,-18.65780969347122,-0.04308058977624354,0.12412939721579541,0.07524706568725748,-0.20627934352684402,0.10291042599980184,-0.30918976952664584,0.30918976952664584,0.15459488476332292,-18.736171978853452,-0.043141479271918345,0.051684458763521096,0.07471983444006014,-0.055340220076278666,0.16415714426755393,-0.2194973643438326,0.2194973643438326,0.1097486821719163,-17.856022398879507,-0.04801361641505118,0.054408462095637634,0.08898843560469771
cho2017,24,200,64,0.34282402836212805,0.34774872636454524,-0.004924698002417183,0.004924698002417183,0.0024623490012085723,-19.347227232152573,-0.00420443419196971,0.3452863773633366,0.050473020822000336,0.15626273244304367,0.3527050074793745,-0.19644227503633083,0.19644227503633083,0.09822113751816543,-19.186412606308394,-0.05686796246679057,0.2544838699612091,0.02271114443089317,0.2244055094717876,0.35272290421250396,-0.12831739474071635,0.12831739474071635,0.0641586973703582,-18.413773024206915,-0.03899486256716191,0.2885642068421458,0.001841383170578581
cho2017,25,200,64,-0.4044219854865661,-0.2800276061265922,-0.12439437935997388,0.12439437935997388,0.06219718967998697,-18.9884191655318,0.33452690641355354,0.34222479580657916,0.2187034564075745,-0.2256971731137457,-0.26922966615921673,0.04353249304547102,0.04353249304547102,-0.02176624652273551,-19.285389796606456,0.14835226383884328,0.24746341963648122,0.012418731955296636,-0.3368782289124305,-0.28723711090049714,-0.04964111801193338,0.04964111801193338,0.02482055900596668,-18.334185193258076,0.23409954716424608,0.31205766990646383,0.1155192659439983
cho2017,26,200,64,-0.0878435135906506,-0.00569393008004841,-0.08214958351060218,0.08214958351060218,0.04107479175530109,-19.17507812814153,0.08995981694472235,0.046768721835349504,0.07003333012153945,0.2999918541627177,0.39752701412321984,-0.09753515996050216,0.09753515996050216,0.048767579980251094,-19.573585348784146,-0.11314122086169624,0.3487594341429688,0.0013165244265493925,0.08587315747175722,0.17832350696947266,-0.09245034949771544,0.09245034949771544,0.04622517474885772,-18.58633509826542,-0.011808848553938028,0.13209833222061496,0.035149295325890506
cho2017,27,200,64,0.6105359014310442,0.651408601047672,-0.04087269961662776,0.04087269961662776,0.020436349808313922,-19.75245847547045,-0.09072008354286991,0.6309722512393581,0.02640934468688627,1.3853657061889688,1.3746751048674337,0.010690601321535098,0.010690601321535098,-0.005345300660767407,-18.68654222348875,-0.08225736137901016,1.3800204055282013,0.0740369093056863,1.1902420405788046,1.2014334484501257,-0.011191407871321113,0.011191407871321113,0.005595703935660623,-18.308645308501085,-0.09307140697958566,1.1958377445144652,0.05889772636947299
cho2017,28,200,64,0.6959014530652782,0.569815930864195,0.12608552220108316,0.12608552220108316,-0.0630427611005416,-19.05349963671622,0.07866952951802614,0.6328586919647364,0.07118461282541588,0.4528076210453129,0.42247539515552773,0.03033222588978518,0.03033222588978518,-0.01516611294489266,-18.400695221973134,0.09618989638558659,0.43764150810042024,0.1654954045552941,0.550118960706713,0.48507315153642094,0.06504580917029201,0.06504580917029201,-0.03252290458514597,-17.87824673393726,0.09106100336904467,0.5175960561215669,0.12817230319446438
cho2017,29,200,64,0.3497411198509418,0.32241689125262624,0.02732422859831557,0.02732422859831557,-0.013662114299157792,-19.89806329569391,-0.0979411675540411,0.33607900555178405,0.09237406005053828,0.35171290027984126,0.27797618525136597,0.07373671502847529,0.07373671502847529,-0.036868357514237664,-19.30858845032344,-0.06973374452158172,0.31484454276560364,0.009468214312612133,0.3468908736134965,0.2849554240320033,0.06193544958149322,0.06193544958149322,-0.030967724790746623,-18.775961562224328,-0.08013494736789399,0.3159231488227499,0.04650814177258411
cho2017,30,200,64,0.35570762086109814,0.54525246049589,-0.1895448396347919,0.1895448396347919,0.09477241981739595,-20.205622599915518,-0.09530195914866821,0.45048004067849406,0.21778450770859692,0.35216576094462143,0.36229868749580374,-0.010132926551182309,0.010132926551182309,0.005066463275591175,-18.900277309577113,-0.016818556320516594,0.3572322242202126,0.0757478070103943,0.3508255577900387,0.41203810388341794,-0.06121254609337923,0.06121254609337923,0.030606273046689694,-18.606252470081618,-0.03943894436743754,0.3814318308367283,0.11370754616919498
cho2017,31,200,64,0.162377619880736,0.2341460557288928,-0.07176843584815679,0.07176843584815679,0.03588421792407839,-18.95287476357995,-0.02323370911381634,0.1982618378048144,0.08125608486706426,0.14289208909193782,0.2470614518478421,-0.10416936275590427,0.10416936275590427,0.052084681377952136,-18.4022920864446,-0.009442594522581817,0.19497677046988998,0.014154445916290115,0.16705858363429427,0.2651047739568701,-0.09804619032257583,0.09804619032257583,0.049023095161287916,-17.853858153664326,-0.009982189534977355,0.2160816787955822,0.04020489412258854
cho2017,32,200,64,0.13916268940808468,0.2864356234025028,-0.1472729339944181,0.1472729339944181,0.07363646699720906,-18.886631408687318,-0.07158355193151644,0.21279915640529373,0.11826190383570179,0.33807219542893807,0.29849514197454474,0.03957705345439333,0.03957705345439333,-0.019788526727196682,-19.17846263714348,-0.4608017685520294,0.3182836687017414,0.032335705553887095,0.2151410198687453,0.28567599557656,-0.0705349757078147,0.0705349757078147,0.035267487853907334,-18.21663599328263,-0.2800623698581212,0.2504085077226526,0.0913369924912466
cho2017,33,200,64,0.0870697639803463,0.11420453113087675,-0.027134767150530453,0.027134767150530453,0.013567383575265221,-19.197071066309476,0.05494819947036042,0.10063714755561153,0.09609907303706322,0.2609951225953447,0.32572968524037693,-0.06473456264503225,0.06473456264503225,0.0323672813225161,-18.459610114072117,-0.1891984475642562,0.2933624039178608,0.018988257853770563,0.19283935221123025,0.27093598315343603,-0.07809663094220579,0.07809663094220579,0.03904831547110289,-17.97103923339595,-0.11864725676823853,0.23188766768233315,0.02194736695289734
cho2017,34,200,64,-0.07160760697017335,-0.07286558868063586,0.0012579817104625135,0.0012579817104625135,-0.0006289908552312617,-19.505499825357905,-0.10013582497623359,0.0722365978254046,0.0019408058740282286,-0.07182039209825408,-0.10775151000816248,0.0359311179099084,0.0359311179099084,-0.0179655589549542,-19.331005031225637,-0.04187781648668903,0.08978595105320827,0.06768102721105862,-0.08399034617512247,-0.11591454386528746,0.031924197690164996,0.031924197690164996,-0.015962098845082498,-18.617296188727536,-0.06833197006578313,0.09995244502020496,0.0463644256257183
cho2017,35,200,64,0.23236781049801652,0.2222990322163597,0.010068778281656837,0.010068778281656837,-0.005034389140828424,-19.922710495320626,-0.015765953179992048,0.22733342135718812,0.015614654916884518,0.46002879010311304,0.28411726910405916,0.17591152099905388,0.17591152099905388,-0.08795576049952691,-19.407296424893374,0.054336161489959574,0.3720730296035861,0.10378154927816396,0.3841989227278202,0.29192225829134494,0.09227666443647525,0.09227666443647525,-0.04613833221823764,-18.84010028449299,0.03181028677805049,0.33806059050958254,0.05769161679448587
cho2017,36,200,64,0.18861376385268677,0.5054515267651432,-0.31683776291245636,0.31683776291245636,0.1584188814562282,-18.952521023891006,0.04463780170763698,0.347032645308915,0.1307812588528563,0.3344281711741698,0.4263622393145552,-0.0919340681403854,0.0919340681403854,0.04596703407019272,-19.30710845372888,-0.006900632767933672,0.3803952052443625,0.019260732818263904,0.25490683251359825,0.4615915081156076,-0.20668467560200937,0.20668467560200937,0.10334233780100471,-18.318266437805164,0.016553208114610616,0.35824917031460296,0.07295427886147365
cho2017,37,200,64,0.2905599109459251,0.15567238669001127,0.13488752425591383,0.13488752425591383,-0.06744376212795691,-19.663450284292473,-0.19475941414302567,0.2231161488179682,0.012700847662060255,0.02581509236691197,0.14036663608065736,-0.11455154371374539,0.11455154371374539,0.0572757718568727,-18.939672033136222,-0.2899945831396845,0.08309086422378467,0.06566717476453832,0.11689451234465345,0.16203442883302568,-0.045139916488372234,0.045139916488372234,0.022569958244186113,-18.45627246756127,-0.27125064124856507,0.13946447058883957,0.05818487362443747
cho2017,38,200,64,-0.018267631617431092,-0.09669759020393212,0.07842995858650104,0.07842995858650104,-0.03921497929325051,-19.56688779422104,-0.020729159548529667,0.0574826109106816,0.0689842533479279,0.002353007859853946,0.006571290288074998,-0.004218282428221053,0.004218282428221053,0.002109141214110526,-18.916241339954674,-0.013591374056193609,0.004462149073964472,0.013893628401319802,-0.006549606752903756,-0.02233996809541047,0.015790361342506713,0.015790361342506713,-0.007895180671253357,-18.41561619529019,-0.014764903388382749,0.014444787424157113,0.015639889854593747
cho2017,39,200,64,-0.07113952722902178,-0.0964780772856242,0.02533855005660242,0.02533855005660242,-0.012669275028301206,-15.542261406538405,0.589216870413044,0.08380880225732298,0.15315908217542074,0.12590056268402922,0.14634971591235144,-0.02044915322832222,0.02044915322832222,0.010224576614161105,-17.837254065301405,0.25498967732306765,0.1361251392981903,0.09467330826763032,-0.044566114640955605,-0.06906085438979623,0.024494739748840623,0.024494739748840623,-0.012247369874420313,-15.364418960254634,0.5134530641925362,0.05681348451537592,0.1739406568582993
cho2017,40,200,64,0.21112133587638798,0.12245665251549574,0.08866468336089224,0.08866468336089224,-0.04433234168044611,-18.5951730646868,0.0835768333023827,0.16678899419594187,0.24997388602944426,0.18811203596668438,0.22405395535669725,-0.03594191939001287,0.03594191939001287,0.01797095969500644,-19.378352991410637,-0.12144825251392634,0.2060829956616908,0.04228424840290401,0.1978331492027689,0.168694629773818,0.029138519428950904,0.029138519428950904,-0.014569259714475447,-18.09206926639505,0.011436479756527174,0.18326388948829347,0.17440832078224844
cho2017,41,200,64,0.1544270376440441,0.27075738267074134,-0.11633034502669723,0.11633034502669723,0.05816517251334862,-17.93108098442433,0.053609412343233104,0.21259221015739274,0.2685473248835777,0.13644893517121073,0.11071080568973848,0.02573812948147225,0.02573812948147225,-0.012869064740736125,-18.447741503578545,-0.15072561295646866,0.12357987043047461,0.07412729059787537,0.16382603351623054,0.2142250554177145,-0.05039902190148396,0.05039902190148396,0.02519951095074198,-17.326211650537267,-0.034197421604432815,0.1890255444669725,0.20452846077678188
cho2017,42,200,64,0.21183417900915347,0.207711798003647,0.004122381005506465,0.004122381005506465,-0.002061190502753245,-19.887314325326948,0.04781535790935269,0.20977298850640025,0.06217180764095076,0.342398368427708,0.4221774369791413,-0.0797790685514333,0.0797790685514333,0.039889534275716586,-19.481288037996947,0.019484294347772123,0.38228790270342466,0.004313365857374407,0.2860786975564638,0.33926859686032107,-0.05318989930385726,0.05318989930385726,0.02659494965192863,-18.891514444517973,0.0238440252372172,0.31267364720839247,0.02875960106468156
cho2017,43,200,64,-0.03437241102416198,0.4068939047490159,-0.4412663157731779,0.4412663157731779,0.22063315788658894,-19.104490594268103,0.02728877855054554,0.186260746862427,0.059288862092863326,-0.059039107755782146,0.30535780375361027,-0.3643969115093924,0.3643969115093924,0.1821984557546962,-18.630907810418623,0.007718559988493183,0.12315934799891405,0.06128053992289395,-0.06369685816550319,0.41660001663018564,-0.48029687479568883,0.48029687479568883,0.24014843739784447,-18.019807014933093,0.030755093922543733,0.17645157923234125,0.05883144746974622
cho2017,44,200,64,0.007216938245271702,0.1027414489264044,-0.0955245106811327,0.0955245106811327,0.04776225534056635,-18.829934856630626,-0.023479345435593775,0.05497919358583805,0.02320007464620133,0.21966930055795963,0.31314605264306933,-0.0934767520851097,0.0934767520851097,0.046738376042554854,-18.56329803400963,-0.24086016532469653,0.2664076766005145,0.02203155825322156,0.12840557387196505,0.22381902550111388,-0.09541345162914883,0.09541345162914883,0.047706725814574406,-17.870717852006432,-0.15928896779366036,0.1761122996865395,0.0008153575122378243
cho2017,45,200,64,0.005790329410164539,0.13888815644486166,-0.1330978270346971,0.1330978270346971,0.06654891351734855,-18.079998203249694,0.02342911992352887,0.07233924292751309,0.3639077355399003,0.4805534672022647,0.5462964136510879,-0.06574294644882323,0.06574294644882323,0.032871473224411536,-18.329114128078235,-0.004022756291416965,0.5134249404266763,0.01553270792367556,0.18958664356989405,0.3113381125975991,-0.12175146902770503,0.12175146902770503,0.0608757345138525,-17.372580990291034,0.008060359579413454,0.25046237808374655,0.19984650896103417
cho2017,46,240,64,0.3318967678648124,0.2781733866141013,0.05372338125071113,0.05372338125071113,-0.02686169062535558,-16.625752723998165,0.3465453176132678,0.30503507723945683,0.23334167913242965,0.24213691503622609,0.2917157287404611,-0.049578813704235,0.049578813704235,0.024789406852117515,-19.00224605208967,-0.09898889660761827,0.2669263218883436,0.10475252865662554,0.327586534193535,0.2840497099380404,0.0435368242554946,0.0435368242554946,-0.021768412127747303,-16.498582798524733,0.2626806415579385,0.30581812206578773,0.2030001426597785
cho2017,47,200,64,0.10534345161806741,0.2628074113772611,-0.1574639597591937,0.1574639597591937,0.07873197987959685,-17.77945982196739,0.2583572559423791,0.18407543149766425,0.5100253205353482,0.3018382717095677,0.2654673999077555,0.0363708718018122,0.0363708718018122,-0.018185435900906093,-18.578469211667908,0.13259296978237806,0.2836528358086616,0.04391071801131119,0.1697578776336259,0.23674655615355483,-0.06698867851992893,0.06698867851992893,0.03349433925996447,-17.296708607045275,0.21960263631442628,0.20325221689359035,0.308922117979062
cho2017,48,200,64,0.033214902124716054,-0.012384654650764198,0.04559955677548025,0.04559955677548025,-0.022799778387740124,-16.256379548126002,0.1615671111636036,0.010415123736975928,0.013288576999880064,0.24304172921240855,0.4138785790688462,-0.17083684985643763,0.17083684985643763,0.08541842492821886,-18.288504341372423,0.07428776053185496,0.3284601541406274,0.04488168265483594,0.05945583925701522,0.07042718356238868,-0.010971344305373464,0.010971344305373464,0.0054856721526867335,-16.071731345893635,0.1485983319621894,0.06494151140970195,0.01194891108186269
cho2017,49,200,64,0.36156649509455663,0.2677989917065723,0.09376750338798434,0.09376750338798434,-0.04688375169399217,-18.55196164808539,0.07324332935601095,0.31468274340056446,0.36524771390872246,0.3578952658075697,0.42630477779259623,-0.06840951198502654,0.06840951198502654,0.034204755992513255,-18.79020410238747,-0.0645429778620831,0.39210002180008297,0.12864287519275663,0.34888948653826823,0.3507051781433059,-0.0018156916050376393,0.0018156916050376393,0.0009078458025188496,-17.852789522131562,0.004264975670031923,0.349797332340787,0.25652528148998144
cho2017,50,200,64,0.18934732524084988,0.2231654880073008,-0.033818162766450915,0.033818162766450915,0.016909081383225447,-20.064472996000116,-0.08630749004041187,0.20625640662407535,0.06506875687090741,0.6190603215098767,0.5672582634489297,0.051802058060946954,0.051802058060946954,-0.025901029030473522,-19.46133295047659,-0.062357406101207505,0.5931592924794031,0.15183590300316752,0.473334706698709,0.4608595419181518,0.012475164780557157,0.012475164780557157,-0.006237582390278575,-18.949522874197275,-0.08548579795650621,0.4670971243084304,0.10459067481258444
cho2017,51,200,64,-0.01347484964508368,-0.004034527787151312,-0.009440321857932369,0.009440321857932369,0.004720160928966184,-18.34816007009771,-0.12189898624522959,0.008754688716117495,0.12777868671619075,0.22967340673790676,0.2386435956367843,-0.008970188898877546,0.008970188898877546,0.004485094449438769,-18.81702484330041,-0.02709347798763769,0.23415850118734555,0.06617746931856061,0.06922760894525848,0.08535023090607019,-0.01612262196081171,0.01612262196081171,0.008061310980405861,-17.71656182376576,-0.08058635908173568,0.07728891992566433,0.09648098207955513
cho2017,52,200,64,0.16599167338420595,0.13934102047564123,0.02665065290856472,0.02665065290856472,-0.013325326454282358,-19.19690971900236,0.0021000243867034564,0.1526663469299236,0.11361203305096623,0.33234052285617155,0.3325929207389682,-0.0002523978827966289,0.0002523978827966289,0.00012619894139831445,-18.492452823129593,-0.11690906284407293,0.33246672179756975,0.04429359824617762,0.2575193920427473,0.257683934619668,-0.00016454257692066765,0.00016454257692066765,8.227128846032273e-05,-17.999978021785772,-0.08037735502826727,0.25760166333120765,0.09085697133262727
lee2019,1,200,62,-0.00978940082792775,0.19515570459398823,-0.204945105421916,0.204945105421916,0.102472552710958,-24.75253832814071,0.17936912419213535,0.09268315188303024,0.06540681003478355,0.1265545617681654,0.22922535310560044,-0.10267079133743504,0.10267079133743504,0.05133539566871752,-25.005692388724228,0.1732996363459919,0.1778899574368829,0.05147940967275133,0.08025848342313165,0.25403586650644633,-0.1737773830833147,0.1737773830833147,0.08688869154165733,-24.065600174507907,0.15635417316762487,0.16714717496478898,0.017090582349883476
lee2019,2,200,62,0.06040890014716993,0.1178037957259006,-0.057394895578730676,0.057394895578730676,0.028697447789365338,-26.358354802090115,0.02955859340634843,0.08910634793653527,0.04777799890472778,-0.10880833602272244,-0.01658567862295353,-0.09222265739976891,0.09222265739976891,0.046111328699884456,-25.651155892012643,0.026552077959640687,0.06269700732283798,0.008291840828022146,-0.045065997382516515,0.023982278761800976,-0.0690482761443175,0.0690482761443175,0.03452413807215875,-25.171464421528672,0.008882912854437848,0.010541859310357768,0.019400410863877227
lee2019,3,200,62,-0.22225791157743136,0.3236534630961424,-0.5459113746735738,0.5459113746735738,0.2729556873367869,-25.14264993730366,0.019811157201016324,0.0506977757593555,0.019491630695419815,-0.04298555602779263,0.10088174021064482,-0.14386729623843744,0.14386729623843744,0.07193364811921872,-24.72707778063153,-0.14950016061009153,0.028948092091426094,0.08290824644535633,-0.10952904792167593,0.1955140872088511,-0.30504313513052705,0.30504313513052705,0.15252156756526353,-24.1235113844207,-0.13321835645515168,0.04299251964358758,0.05023496988475529
lee2019,4,200,62,0.04795012295820889,0.01893812758763467,0.029011995370574223,0.029011995370574223,-0.014505997685287113,-27.2261587901074,0.06476043766321307,0.03344412527292178,0.16425231834535836,0.09370208045456298,0.05469545692386951,0.039006623530693466,0.039006623530693466,-0.019503311765346733,-26.0990889028522,-0.08305527609075901,0.07419876868921625,0.06793629930392697,0.08015354885077869,0.05433708596152695,0.02581646288925174,0.02581646288925174,-0.012908231444625873,-25.76070583956406,-0.0535401824283233,0.06724531740615282,0.09610182689245761
lee2019,5,200,62,-0.31947343945517015,-0.08460580487038193,-0.2348676345847882,0.2348676345847882,0.11743381729239409,-26.283851542839493,0.15936932781717547,0.20203962216277602,0.04042140834485508,-0.10410743856864305,0.08519157823253157,-0.1892990168011746,0.1892990168011746,0.0946495084005873,-25.40095029054818,0.08712472320753209,0.00945793016805574,0.15101072738245946,-0.18359721806500098,0.02953654504141955,-0.21313376310642054,0.21313376310642054,0.10656688155321026,-24.98423169455318,0.07573407145485886,0.07703033651179071,0.1051120845733422
lee2019,6,200,62,0.040247323538843104,0.2628172865506944,-0.2225699630118513,0.2225699630118513,0.11128498150592567,-25.627743671134898,0.12202045851397808,0.15153230504476878,0.0037540972441334475,0.2638635175304244,0.27618736142108763,-0.01232384389066321,0.01232384389066321,0.00616192194533161,-25.245168466603857,0.03221738087465265,0.270025439475756,0.008079416660283556,0.14953636527422962,0.2819559919876609,-0.1324196267134313,0.1324196267134313,0.06620981335671564,-24.62296022712037,0.05593213628386058,0.21574617863094525,0.004621258176417342
lee2019,7,200,62,-0.051331334719739025,0.19521127639396474,-0.24654261111370376,0.24654261111370376,0.1232713055568519,-25.256223178069106,-0.030330032871709278,0.07193997083711286,0.07382443174045505,0.4524558256865214,0.3467146335656595,0.10574119212086186,0.10574119212086186,-0.05287059606043098,-25.029856101610562,0.17281904339250245,0.3995852296260904,0.14671822193657036,0.22220426128055526,0.2811636082115166,-0.05895934693096133,0.05895934693096133,0.02947967346548067,-24.323649066796246,0.022905898852436105,0.2516839347460359,0.036748171563502297
lee2019,8,200,62,-0.19899383264643317,-0.1126771006645329,-0.08631673198190026,0.08631673198190026,0.043158365990950125,-24.18318483977219,0.3624909600422966,0.15583546665548303,0.04864483250141305,-0.10802547671828727,-0.051952148184443846,-0.056073328533843426,0.056073328533843426,0.02803666426692171,-24.867193074922078,0.22275571805094616,0.07998881245136555,0.0242581671183828,-0.14739758998282887,-0.04742378775278954,-0.09997380223003932,0.09997380223003932,0.04998690111501967,-23.66774360315714,0.3099921446640587,0.09741068886780921,0.0283198276822354
lee2019,9,200,62,-0.19533809956948686,0.28550972829753823,-0.48084782786702507,0.48084782786702507,0.24042391393351256,-25.908230387967816,0.20487844880718956,0.045085814364025686,0.05639328168980384,-0.26205937419168934,-0.17638775339358506,-0.08567162079810428,0.08567162079810428,0.042835810399052134,-25.71534705345644,0.13976479118993293,0.2192235637926372,0.0018607174491407363,-0.25573498028721503,0.048727003485070385,-0.3044619837722854,0.3044619837722854,0.1522309918861427,-25.014324297967622,0.17433872302624942,0.10350398840107232,0.02840395615526603
lee2019,10,200,62,-0.22523984466319244,0.03844881946572453,-0.26368866412891695,0.26368866412891695,0.1318443320644585,-24.2074388144553,-0.05741244057238784,0.09339551259873397,0.13843107843453595,-0.06548304000245807,-0.04627968618454851,-0.01920335381790956,0.01920335381790956,0.00960167690895478,-25.078686095160332,0.013170704060062466,0.05588136309350329,0.07071510452853857,-0.17623009404990872,0.02044772492216115,-0.19667781897206987,0.19667781897206987,0.09833890948603492,-23.77199665682597,-0.07745192174851896,0.07789118456387378,0.11549100446860905
lee2019,11,200,62,-0.04163529424700815,-0.01851853006841946,-0.023116764178588694,0.023116764178588694,0.011558382089294349,-26.413081827953498,0.059258652646486054,0.030076912157713808,0.03739488031969884,0.00629285881263737,-0.018488331012978847,0.024781189825616216,0.024781189825616216,-0.012390594912808108,-25.67439914422135,0.00691366235289804,0.006097736100170738,0.025899871147306186,-0.019984674848309892,-0.017167466899115524,-0.0028172079491943676,0.0028172079491943676,0.0014086039745971847,-25.205251391807888,0.01671450496512355,0.01857607087371271,0.020556170796098172
lee2019,12,200,62,-0.07664789591791824,0.11906093130789795,-0.19570882722581617,0.19570882722581617,0.09785441361290809,-25.80221599474663,0.01128795753668042,0.02120651769498986,0.15517655076045855,-0.1251464901220098,0.02164375625676481,-0.1467902463787746,0.1467902463787746,0.0733951231893873,-25.139467585164056,0.011945865951799917,0.05175136693262249,0.03613455053818626,-0.10761454137754925,0.062152813028839626,-0.16976735440638888,0.16976735440638888,0.08488367720319444,-24.64272274095065,-0.0014262026519017467,0.022730864174354812,0.0646619997114577
lee2019,13,200,62,0.25042519326759455,0.3433108867587639,-0.09288569349116937,0.09288569349116937,0.04644284674558472,-24.09520750169411,-0.17533503619806706,0.29686804001317924,0.04212406151355452,0.0444856931334472,0.08058043168275308,-0.03609473854930589,0.03609473854930589,0.01804736927465294,-25.400388811516486,-0.08585495586229014,0.06253306240810014,0.05953812349158838,0.19781056865527233,0.28433990043133006,-0.08652933177605773,0.08652933177605773,0.04326466588802887,-23.78458248457816,-0.17542276229591106,0.2410752345433012,0.05340287714449943
lee2019,14,200,62,-0.09587553394208083,0.10257522785520969,-0.19845076179729051,0.19845076179729051,0.09922538089864526,-25.269608534853692,0.18284796313808818,0.0033498469565644306,0.11734835398470267,0.02703724435750665,0.07736606068281784,-0.05032881632531119,0.05032881632531119,0.025164408162655593,-25.352713929782812,-0.00038324439805181854,0.05220165252016225,0.041548838449188,-0.03323078226160494,0.09560509203431718,-0.1288358742959221,0.1288358742959221,0.06441793714796105,-24.5160521705419,0.0665973370642851,0.03118715488635612,0.03319130162034867
lee2019,15,200,62,-0.16713983410985878,-0.11518722060169463,-0.051952613508164144,0.051952613508164144,0.025976306754082083,-25.93340987775532,-0.32902432988330105,0.1411635273557767,0.008224271968330754,0.0874873890866488,0.05727804881782195,0.03020934026882685,0.03020934026882685,-0.015104670134413425,-26.20136537405878,-0.21280773228429123,0.07238271895223537,0.14608551618047372,-0.03489568752331735,-0.030036561855142984,-0.004859125668174365,0.004859125668174365,0.0024295628340871823,-25.269115215194773,-0.32672668963045565,0.032466124689230165,0.05416910282580645
lee2019,16,200,62,-0.06193924062168904,0.13590568058890135,-0.19784492121059039,0.19784492121059039,0.09892246060529519,-25.82943977520199,0.06258905679384003,0.03698321998360615,0.041594729752880255,-0.08976982589487506,0.02682558813124185,-0.11659541402611691,0.11659541402611691,0.058297707013058454,-25.43914709867612,0.13269102220856832,0.0314721188818166,0.11195805871787812,-0.08517748255777466,0.057661266174995444,-0.1428387487327701,0.1428387487327701,0.07141937436638505,-24.83136123617579,0.10021254488172245,0.013758108191389607,0.0870375695120984
lee2019,17,200,62,-0.20670191988581774,-0.06254812297397816,-0.14415379691183958,0.14415379691183958,0.07207689845591979,-25.239401207896538,0.14751568629221645,0.13462502142989796,0.13759569221082657,-0.28153396881355297,-0.16983457294408807,-0.1116993958694649,0.1116993958694649,0.055849697934732455,-24.757718628172597,-0.036436987826790314,0.22568427087882056,0.016579034154279526,-0.2607153152355735,-0.14518033879469916,-0.11553497644087435,0.11553497644087435,0.05776748822043718,-24.17022103846041,-0.008627493621399439,0.20294782701513633,0.05314780181722867
lee2019,18,200,62,-0.11237717376092178,0.25856278734408006,-0.3709399611050018,0.3709399611050018,0.18546998055250094,-26.281622333950853,0.22451795262369656,0.07309280679157913,0.014976829911500289,-0.04857823264164203,0.09615492661611896,-0.14473315925776098,0.14473315925776098,0.07236657962888049,-26.06524533113824,0.1187476325084049,0.023788346987238463,0.018399511224451714,-0.09223731882004767,0.17549353910027535,-0.26773085792032303,0.26773085792032303,0.13386542896016151,-25.38400199575314,0.1642887909697925,0.04162811014011383,0.006015002396868141
lee2019,19,200,62,-0.31733437961970545,0.27178204544593393,-0.5891164250656393,0.5891164250656393,0.2945582125328198,-25.593728368763454,0.1573256817655958,0.02277616708688578,0.1855798597189633,-0.09291359135416326,0.14972612287560724,-0.2426397142297705,0.2426397142297705,0.12131985711488526,-25.506174653283168,0.022100824022230566,0.028406265760722,0.03835495697470037,-0.2025498243090772,0.2041852060596933,-0.4067350303687705,0.4067350303687705,0.20336751518438526,-24.7525045243387,0.05523274473647257,0.0008176908753080525,0.10045790928082354
lee2019,20,200,62,0.1216051926837412,0.297088214794354,-0.17548302211061279,0.17548302211061279,0.0877415110553064,-25.251749979112603,-0.03128703310876972,0.2093467037390476,0.04046682188158712,0.08322005434529639,0.1072263862428808,-0.024006331897584415,0.024006331897584415,0.012003165948792204,-25.711296496153295,0.060880966599256736,0.0952232202940886,0.023653072193095426,0.10638199041876348,0.21923714671934502,-0.11285515630058154,0.11285515630058154,0.056427578150290765,-24.683430665047467,-0.01833505499195663,0.16280956856905426,0.0262489568133617
lee2019,21,200,62,-0.2968994618167253,-0.06781594209911311,-0.22908351971761215,0.22908351971761215,0.11454175985880609,-25.669451853827596,0.16778920219287122,0.18235770195791923,0.053951572107983736,-0.44355765398512675,0.26738757477018776,-0.7109452287553145,0.7109452287553145,0.35547261437765726,-25.148006540368197,0.29737395956734164,0.08808503960746948,0.05851530757070833,-0.4394167968413025,0.13304682032742893,-0.5724636171687314,0.5724636171687314,0.2862318085843657,-24.543806557908376,0.25518121557654033,0.1531849882569368,0.05611228607059715
lee2019,22,200,62,-0.30687844868678793,0.014967338395396936,-0.32184578708218486,0.32184578708218486,0.16092289354109243,-24.90056134193675,-0.05103895294593553,0.1459555551456955,0.13764942504015565,-0.2545991019421041,-0.2439040818317558,-0.010695020110348313,0.010695020110348313,0.005347510055174158,-25.176653228756777,-0.13898327470070163,0.24925159188692994,0.007583472675214864,-0.29180515512498784,-0.11665815822370738,-0.17514699690128044,0.17514699690128044,0.08757349845064022,-24.22073659882348,-0.12168512708472014,0.2042316566743476,0.08248365190377172
lee2019,23,200,62,0.03961609465463564,0.2968637993107508,-0.25724770465611513,0.25724770465611513,0.1286238523280576,-25.561565553862675,0.11863817689352044,0.16823994698269323,0.13294775089002187,-0.057718623505129435,0.22731905119828183,-0.28503767470341124,0.28503767470341124,0.14251883735170565,-25.347539077604605,0.1521012328700466,0.0848002138465762,0.009757523672682566,-0.019410522367481774,0.25744126161199643,-0.2768517839794782,0.2768517839794782,0.1384258919897391,-24.66195542752772,0.12465322288595874,0.11901536962225732,0.06124750530839407
lee2019,24,200,62,-0.09397641410037749,-0.11857772717245535,0.024601313072077857,0.024601313072077857,-0.012300656536038925,-26.40545600529486,0.03400121506736328,0.10627707063641642,0.19256945860439956,-0.1532365863645791,-0.08463116249405346,-0.06860542387052564,0.06860542387052564,0.034302711935262825,-25.699682043845524,-0.003455832972955246,0.11893387442931629,0.06156579538949458,-0.13075030808442686,-0.10234711971202369,-0.028403188372403174,0.028403188372403174,0.014201594186201589,-25.206805970910654,-0.009897149178916376,0.11654871389822528,0.11719535797305625
lee2019,25,200,62,-0.06881249772288733,-0.07411010639414982,0.005297608671262485,0.005297608671262485,-0.0026488043356312474,-25.958814660120343,-0.11262845593153475,0.07146130205851858,0.12359860182496973,0.08053006475141856,0.1617379429340901,-0.08120787818267154,0.08120787818267154,0.04060393909133577,-25.64939973787118,-0.020503261119643613,0.12113400384275433,0.07659304100820563,0.01717508784207414,0.0578039830985556,-0.04062889525648146,0.04062889525648146,0.02031444762824073,-25.01478908750588,-0.08256747052933865,0.03748953547031487,0.1004975192340467
lee2019,26,200,62,0.11350935815857152,0.17938689144995723,-0.06587753329138571,0.06587753329138571,0.03293876664569286,-25.266995305209722,0.1450738971123876,0.1464481248042644,0.11989245350211775,0.0914098620580222,0.18770402682223952,-0.09629416476421732,0.09629416476421732,0.04814708238210866,-25.250927190670854,0.15446158089966602,0.13955694444013086,0.12639088359381034,0.13141167773595974,0.22413446447731755,-0.09272278674135781,0.09272278674135781,0.0463613933706789,-24.399787023317085,0.15689066247199399,0.17777307110663862,0.13339546548574432
lee2019,27,200,62,0.062170551889764204,0.05849418926024121,0.0036763626295229918,0.0036763626295229918,-0.0018381813147614957,-27.019872694589885,0.01606754481414166,0.06033237057500271,0.0653800920213854,0.023479795117940194,0.06889479559708786,-0.04541500047914766,0.04541500047914766,0.02270750023957383,-26.151873098602113,0.022786123056418663,0.04618729535751402,0.004825792200556123,0.040707988235165755,0.06690661945838258,-0.026198631223216827,0.026198631223216827,0.01309931561160841,-25.730848111895742,-0.006270552495467747,0.053807303846774165,0.023428482832677844
lee2019,28,200,62,0.05925491070912834,0.12989525010432065,-0.07064033939519232,0.07064033939519232,0.03532016969759615,-25.675582971643518,0.08657796171947306,0.0945750804067245,0.14421307695197783,0.05752663867101713,0.14858090563938256,-0.09105426696836544,0.09105426696836544,0.04552713348418271,-25.926145242918164,0.06741321693866921,0.10305377215519984,0.09203092197105178,0.05405661502181758,0.1574246955475282,-0.10336808052571062,0.10336808052571062,0.05168404026285531,-25.010244890290075,0.05630046515846651,0.10574065528467289,0.12258460185705644
lee2019,29,200,62,-0.25229296476011986,0.17926367819144887,-0.4315566429515687,0.4315566429515687,0.21577832147578438,-25.42347481617132,0.12590786478492877,0.03651464328433551,0.007868224716219174,-0.7746287390263993,0.17738928485425062,-0.9520180238806499,0.9520180238806499,0.476009011940325,-24.76688401995244,0.11289085574953224,0.2986197270860743,0.3420901043976663,-0.6328207298988751,0.18774762038678994,-0.820568350285665,0.820568350285665,0.41028417514283255,-24.243016057982885,0.10937544114783866,0.2225365547560426,0.22974533374934936
lee2019,30,200,62,0.09615083952029398,0.1554180704393697,-0.05926723091907572,0.05926723091907572,0.02963361545953786,-26.499424433835006,0.04495282515878909,0.12578445497983184,0.08919528534590171,0.18157207712673387,0.23868463973451656,-0.05711256260778269,0.05711256260778269,0.028556281303891352,-25.257940716051163,-0.2571464515051682,0.21012835843062524,0.06113099926909982,0.15393133556400987,0.22670836149929666,-0.07277702593528679,0.07277702593528679,0.0363885129676434,-24.946973425430333,-0.19914786131181486,0.19031984853165326,0.0748053745011994
lee2019,31,200,62,0.14120917093784843,0.03636268972081297,0.10484648121703546,0.10484648121703546,-0.05242324060851773,-26.43501240667524,0.064429341862105,0.0887859303293307,0.08332015241398594,0.10431694127809468,0.24377683797646735,-0.13945989669837267,0.13945989669837267,0.06972994834918633,-26.05433513441153,-0.09752948298091153,0.17404688962728102,0.012218652715446865,0.13779174838504982,0.17670435851386254,-0.038912610128812725,0.038912610128812725,0.019456305064406366,-25.42591655243403,-0.05819212950749888,0.1572480534494562,0.04242063837540044
lee2019,32,200,62,-0.11804961504477518,0.5199466593294071,-0.6379962743741823,0.6379962743741823,0.318998137187091,-26.55687034206954,0.10307548846584527,0.2009485221423159,0.17507411536223927,0.08842487934062887,0.41703134210248705,-0.3286064627618582,0.3286064627618582,0.16430323138092912,-25.616586730050262,-0.10821235287959141,0.252728110721558,0.03576728228017245,-0.015363253062027517,0.5214055934299899,-0.5367688464920175,0.5367688464920175,0.2683844232460087,-25.18066871918579,-0.05213431775129349,0.2530211701839812,0.03383687861016327
lee2019,33,200,62,-0.051051671605119,0.252767055250543,-0.303818726855662,0.303818726855662,0.15190936342783098,-25.033893076377613,-0.10130411945033972,0.10085769182271198,0.17731456939961987,-0.2029077428394459,0.11016563994884802,-0.31307338278829394,0.31307338278829394,0.15653669139414694,-25.801552030389058,0.12954396827643555,0.04637105144529894,0.06532579395846128,-0.1370297694043803,0.22665923953258368,-0.363689008936964,0.363689008936964,0.181844504468482,-24.542099431092765,-0.029419266455096908,0.044814735064101684,0.09675462931168965
lee2019,34,200,62,-0.004934954032200736,0.03432331445425458,-0.03925826848645531,0.03925826848645531,0.019629134243227656,-25.817503307087225,-0.08114155369188657,0.014694180211026921,0.03849064757815057,-0.047291864879046346,-0.06493704998010727,0.017645185101060924,0.017645185101060924,-0.008822592550530466,-24.92111762523505,-0.03995869242827904,0.05611445742957681,0.02171955161550443,-0.03636622541592736,-0.03375364614044589,-0.002612579275481468,0.002612579275481468,0.0013062896377407363,-24.490307334061587,-0.07437738870864051,0.03505993577818663,0.009509834687779772
lee2019,35,200,62,-0.04279069000381312,-0.0954399722209383,0.05264928221712517,0.05264928221712517,-0.026324641108562582,-26.592489155219145,-0.06515375557180025,0.06911533111237571,0.08341503202477796,-0.3685807992463108,-0.3892173959586975,0.020636596712386657,0.020636596712386657,-0.010318298356193302,-25.62196633861131,-0.37825328592318624,0.3788990976025041,0.041498132926669484,-0.2873495090864627,-0.31905696091315017,0.031707451826687494,0.031707451826687494,-0.015853725913343764,-25.206921252673073,-0.3161758228328732,0.3032032349998064,0.061492431645035595
lee2019,36,200,62,-0.6430844180042231,1.2470771377576433,-1.8901615557618663,1.8901615557618663,0.9450807778809334,-25.550741273157055,0.27275570303963126,0.30199635987671014,0.1587924017454192,-0.021944467164798632,0.3700328683851386,-0.39197733554993724,0.39197733554993724,0.1959886677749686,-25.353103467091497,-0.09576574650243314,0.17404420061016995,0.019580154616118506,-0.3101076366963541,0.7913174381816332,-1.1014250748779872,1.1014250748779872,0.5507125374389936,-24.643445589220654,0.021774881605574434,0.24060490074263957,0.08182036642973145
lee2019,37,200,62,-0.06003875944591204,0.41536597406484044,-0.47540473351075246,0.47540473351075246,0.23770236675537626,-25.945082012987378,0.0012539860871611807,0.17766360730946418,0.2120020586195004,-0.20793750026042626,0.5185869112845625,-0.7265244115449887,0.7265244115449887,0.36326220577249446,-25.864894855234443,0.12891064992629372,0.15532470551206815,0.07734049118735342,-0.17380382968214472,0.5158922262869017,-0.6896960559690464,0.6896960559690464,0.3448480279845233,-25.092444714706044,0.06518298494486542,0.17104419830237852,0.06900396304135725
lee2019,38,200,62,-0.15407549098655926,-0.1926495512325437,0.03857406024598445,0.03857406024598445,-0.019287030122992217,-26.58468397302231,0.04965388456676814,0.1733625211095515,0.0026720173774528178,-0.15771893218752683,-0.10493195354290773,-0.052786978644619106,0.052786978644619106,0.026393489322309557,-25.828446377430964,-0.2135553417128159,0.13132544286521727,0.07824415041331889,-0.160745439640804,-0.13145188256853518,-0.029293557072268828,0.029293557072268828,0.014646778536134412,-25.37290309629883,-0.1613763646158529,0.1460986611046696,0.05881834139904285
lee2019,39,200,62,0.06091437210916773,0.21777772991791558,-0.15686335780874786,0.15686335780874786,0.07843167890437393,-24.644254723234617,0.26812796286422413,0.13934605101354167,0.024739452456181255,-0.06923047192747131,0.10544029072481965,-0.17467076265229098,0.17467076265229098,0.08733538132614548,-25.3602346007983,0.056324038582896314,0.018104909398674172,0.02304821020615222,0.018619162732399667,0.1747015422273985,-0.15608237949499884,0.15608237949499884,0.07804118974749942,-24.138641727141312,0.16681770585928948,0.09666035247989908,0.03104797058153963
lee2019,40,200,62,-0.06277440110105992,-0.023987752273792785,-0.03878664882726714,0.03878664882726714,0.01939332441363357,-26.156962047479364,0.021238021395350602,0.043381076687426356,0.2258222814189743,-0.012903269667688271,0.014589923076930838,-0.02749319274461911,0.02749319274461911,0.013746596372309555,-25.535948977586212,-0.11199703984692386,0.0008433267046212833,0.03512643693576578,-0.029169303620992862,-0.00296915054787803,-0.02620015307311483,0.02620015307311483,0.013100076536557417,-25.029718976296905,-0.08173534790484503,0.016069227084435447,0.056620159400097236
lee2019,41,200,62,-0.006648465709161151,-0.0767669759562904,0.07011851024712924,0.07011851024712924,-0.03505925512356463,-27.3606879976209,-0.12634867375353745,0.041707720832725774,0.011265488064690743,0.0035940639856301714,0.0817923682564118,-0.07819830427078163,0.07819830427078163,0.039099152135390815,-26.250573466645164,-0.19669320148197514,0.042693216121020984,0.050033263891144486,-0.017586926829210016,0.04426174585834669,-0.061848672687556706,0.061848672687556706,0.030924336343778353,-25.906639374427787,-0.1847717158412098,0.013337409514568339,0.046239533636658336
lee2019,42,200,62,-0.10995277435065005,0.02014914133186217,-0.13010191568251223,0.13010191568251223,0.06505095784125611,-25.63128273258433,-0.0743013575523364,0.04490181650939395,0.1689832163156879,-0.10319411132942304,-0.0335788126810834,-0.06961529864833964,0.06961529864833964,0.03480764932416982,-25.281748500904158,-0.04120528214426276,0.06838646200525321,0.0030991011369572163,-0.11036068946542553,-0.0010707782473167171,-0.10928991121810881,0.10928991121810881,0.054644955609054406,-24.656079833847325,-0.06286585964279619,0.05571573385637112,0.0775512086368444
lee2019,43,200,62,-0.16778689212765396,-0.04752228555366461,-0.12026460657398935,0.12026460657398935,0.060132303286994676,-25.785161142662474,0.04855112657902089,0.10765458884065929,0.18985376737140314,-0.12232435106201837,-0.008729328289153208,-0.11359502277286516,0.11359502277286516,0.05679751138643258,-25.341359500744876,-0.11319813260451914,0.06552683967558579,0.02000414316309218,-0.13844933393116066,-0.03124524361747383,-0.10720409031368683,0.10720409031368683,0.05360204515684341,-24.772200384181915,-0.0793724222292734,0.08484728877431724,0.07803369614809696
lee2019,44,200,62,-0.12180341096996151,0.5302030530637838,-0.6520064640337453,0.6520064640337453,0.3260032320168726,-25.565388309767833,0.29876997946376505,0.2041998210469111,0.08727879555111429,0.053736827303878625,0.1527346384541242,-0.09899781115024556,0.09899781115024556,0.04949890557512278,-26.024168766896164,0.016340378640339992,0.10323573287900141,0.07336858502155508,-0.05027054846427987,0.38485064046183537,-0.43512118892611523,0.43512118892611523,0.2175605944630576,-24.97517376590583,0.1611145814248797,0.16729004599877775,0.06645107925887928
lee2019,45,200,62,-0.07907846918534236,0.40388584370234654,-0.48296431288768893,0.48296431288768893,0.24148215644384444,-26.70014730748803,0.10886730203381488,0.16240368725850204,0.11325629155271244,0.04112294024801368,0.1497051968208434,-0.10858225657282972,0.10858225657282972,0.05429112828641486,-26.074561604374775,-0.1031647224197976,0.09541406853442855,0.06416341674735548,0.004314118531386697,0.25485089635857494,-0.25053677782718825,0.25053677782718825,0.1252683889135941,-25.55069316027401,-0.05143013891009027,0.12958250744498082,0.0015679435848525713
lee2019,46,200,62,0.05139730692966968,0.33203027645937166,-0.28063296952970196,0.28063296952970196,0.14031648476485098,-24.294580844029188,0.18156788798145862,0.19171379169452066,0.26007882848993447,-0.16224445840826854,-0.10047770516675043,-0.061766753241518105,0.061766753241518105,0.030883376620759045,-24.258553737513665,0.3006138315487986,0.1313610817875095,0.042093702168806146,-0.06419460367690764,0.11641799536423296,-0.1806125990411406,0.1806125990411406,0.0903062995205703,-23.449039088608643,0.2049888590311916,0.026111695843662658,0.09320841517340384
lee2019,47,200,62,0.09382502547290461,0.24315990896323658,-0.14933488349033197,0.14933488349033197,0.07466744174516599,-24.529159789542685,-0.01293498882292381,0.1684924672180706,0.09581229615440279,-0.04599024180932911,-0.00020693219730169688,-0.045783309612027416,0.045783309612027416,0.022891654806013708,-25.537494801835237,0.06257017962322867,0.023098587003315404,0.05445082305085336,0.02947598148959745,0.16168506683017383,-0.13220908534057638,0.13220908534057638,0.06610454267028819,-24.140296461841146,0.001324528332962629,0.09558052415988565,0.036120256570029596
lee2019,48,200,62,-0.005571762054179033,-0.005004050972609768,-0.0005677110815692646,0.0005677110815692646,0.00028385554078463215,-24.55634805586494,0.13710622961071223,0.0052879065133944,0.10251025436349082,-0.025749806281053757,0.007215648099540069,-0.032965454380593825,0.032965454380593825,0.016482727190296913,-25.416188458114842,0.022507357386304657,0.009267079090756844,0.0809615123125802,-0.007244250477624305,0.009661504515140145,-0.01690575499276445,0.01690575499276445,0.008452877496382225,-24.12272032061862,0.06606720188797066,0.0012086270187579196,0.1071975492473598
lee2019,49,200,62,-0.22040120183995573,0.04762147395087222,-0.26802267579082795,0.26802267579082795,0.13401133789541397,-26.031356236003248,0.07208131743443834,0.08638986394454175,0.043236983912855464,-0.03579118793014206,0.07926473719666166,-0.11505592512680372,0.11505592512680372,0.05752796256340186,-25.722498378557876,0.09621101451729436,0.0217367746332598,0.06431494617932998,-0.11302139080328129,0.06856733409995844,-0.18158872490323974,0.18158872490323974,0.09079436245161986,-25.085162700381993,0.07616351943279161,0.022227028351661425,0.0030054040729261544
lee2019,50,200,62,-0.2297869049550664,-0.28761915228947654,0.05783224733441014,0.05783224733441014,-0.028916123667205067,-26.440742718824996,0.024423937601605362,0.2587030286222715,0.07111399847670441,-0.08788624930968172,-0.18619642556567817,0.09831017625599645,0.09831017625599645,-0.04915508812799823,-25.7625721572596,-0.06649152334664193,0.13704133743767996,0.029203294106043387,-0.1920646047945632,-0.24270711570707942,0.05064251091251623,0.05064251091251623,-0.02532125545625812,-25.20024218771794,-0.06818016047009776,0.2173858602508213,0.005000224100175643
lee2019,51,200,62,-0.06877774062145992,0.0007004417669734054,-0.06947818238843333,0.06947818238843333,0.03473909119421666,-26.01504322211956,-0.0031776354156939847,0.03403864942724326,0.01735100664200928,-0.2847002756702417,-0.20949160392922905,-0.07520867174101264,0.07520867174101264,0.03760433587050633,-25.330784678282416,0.06204845440100524,0.2470959397997354,0.05478688953757782,-0.1994104991938417,-0.12814913341257753,-0.07126136578126419,0.07126136578126419,0.035630682890632086,-24.832150442678767,0.03947850921170826,0.1637798163032096,0.026018420267824638
lee2019,52,200,62,-0.1906626391438372,-0.14906345380966304,-0.041599185334174144,0.041599185334174144,0.020799592667087072,-25.088770195522812,-0.011077515587911596,0.16986304647675013,0.1445237798215686,-0.12929965016869843,-0.06703481346164022,-0.06226483670705821,0.06226483670705821,0.031132418353529107,-25.02439294410683,0.15706928692467606,0.09816723181516933,0.14704168688534835,-0.1621025457074958,-0.0924090973439984,-0.0696934483634974,0.0696934483634974,0.0348467241817487,-24.261627581597754,0.055267256538455316,0.1272558215257471,0.14197640176582027
lee2019,53,200,62,-0.10836725345351535,-0.08658414964982246,-0.021783103803692888,0.021783103803692888,0.010891551901846448,-24.926309719071295,0.0005015701862284061,0.0974757015516689,0.026782621188228717,-0.007452351120948286,0.044265292807871684,-0.05171764392881997,0.05171764392881997,0.025858821964409983,-25.561953737577774,0.03741075078877129,0.018406470843461697,0.037546012979131405,-0.07580260275113986,-0.05529868764407357,-0.020503915107066284,0.020503915107066284,0.010251957553533142,-24.425718477536716,-0.03036800146002099,0.06555064519760671,0.0037471251112641824
lee2019,54,200,62,-0.12420929515946472,0.05639068642040389,-0.18059998157986862,0.18059998157986862,0.09029999078993431,-25.843792319894156,0.019733119108682723,0.033909304369530414,0.016765847893534414,-0.11981779949261466,-0.028234493651345182,-0.09158330584126947,0.09158330584126947,0.04579165292063474,-24.9338232456804,0.12715888268328437,0.07402614657197992,0.01076454259372639,-0.11939676765435024,0.005443327039896069,-0.12484009469424631,0.12484009469424631,0.062420047347123156,-24.50861563649603,0.0862608182631045,0.056976720307227086,0.007252878367616233
